Port,Gender,Age,Ticket,Fare,Siblings/Spouses,Parents/Children,Survived
Southampton,Female,29.0,First Class,211.0,0,0,Yes
Southampton,Male,1.0,First Class,152.0,1,2,Yes
Southampton,Female,2.0,First Class,152.0,1,2,No
Southampton,Male,30.0,First Class,152.0,1,2,No
Southampton,Female,25.0,First Class,152.0,1,2,No
Southampton,Male,48.0,First Class,27.0,0,0,Yes
Southampton,Female,63.0,First Class,78.0,1,0,Yes
Southampton,Male,39.0,First Class,0.0,0,0,No
Southampton,Female,53.0,First Class,51.0,2,0,Yes
Cherbourg,Male,71.0,First Class,50.0,0,0,No
Cherbourg,Male,47.0,First Class,228.0,1,0,No
Cherbourg,Female,18.0,First Class,228.0,1,0,Yes
Cherbourg,Female,24.0,First Class,69.0,0,0,Yes
Southampton,Female,26.0,First Class,79.0,0,0,Yes
Southampton,Male,80.0,First Class,30.0,0,0,Yes
Southampton,Male,,First Class,26.0,0,0,No
Cherbourg,Male,24.0,First Class,248.0,0,1,No
Cherbourg,Female,50.0,First Class,248.0,0,1,Yes
Cherbourg,Female,32.0,First Class,76.0,0,0,Yes
Cherbourg,Male,36.0,First Class,75.0,0,0,No
Southampton,Male,37.0,First Class,53.0,1,1,Yes
Southampton,Female,47.0,First Class,53.0,1,1,Yes
Cherbourg,Male,26.0,First Class,30.0,0,0,Yes
Cherbourg,Female,42.0,First Class,228.0,0,0,Yes
Southampton,Female,29.0,First Class,222.0,0,0,Yes
Cherbourg,Male,25.0,First Class,26.0,0,0,No
Cherbourg,Male,25.0,First Class,91.0,1,0,Yes
Cherbourg,Female,19.0,First Class,91.0,1,0,Yes
Southampton,Female,35.0,First Class,136.0,0,0,Yes
Southampton,Male,28.0,First Class,27.0,0,0,Yes
Southampton,Male,45.0,First Class,36.0,0,0,No
Cherbourg,Male,40.0,First Class,31.0,0,0,Yes
Southampton,Female,30.0,First Class,165.0,0,0,Yes
Southampton,Female,58.0,First Class,27.0,0,0,Yes
Southampton,Male,42.0,First Class,27.0,0,0,No
Cherbourg,Female,45.0,First Class,262.0,0,0,Yes
Southampton,Female,22.0,First Class,55.0,0,1,Yes
Southampton,Male,,First Class,27.0,0,0,Yes
Southampton,Male,41.0,First Class,30.0,0,0,No
Cherbourg,Male,48.0,First Class,50.0,0,0,No
Cherbourg,Male,,First Class,40.0,0,0,No
Cherbourg,Female,44.0,First Class,28.0,0,0,Yes
Southampton,Female,59.0,First Class,51.0,2,0,Yes
Cherbourg,Female,60.0,First Class,76.0,0,0,Yes
Cherbourg,Female,41.0,First Class,134.0,0,0,Yes
Southampton,Male,45.0,First Class,27.0,0,0,No
Southampton,Male,,First Class,31.0,0,0,No
Southampton,Male,42.0,First Class,26.0,0,0,Yes
Cherbourg,Female,53.0,First Class,27.0,0,0,Yes
Cherbourg,Male,36.0,First Class,512.0,0,1,Yes
Cherbourg,Female,58.0,First Class,512.0,0,1,Yes
Southampton,Male,33.0,First Class,5.0,0,0,No
Southampton,Male,28.0,First Class,47.0,0,0,No
Southampton,Male,17.0,First Class,47.0,0,0,No
Southampton,Male,11.0,First Class,120.0,1,2,Yes
Southampton,Female,14.0,First Class,120.0,1,2,Yes
Southampton,Male,36.0,First Class,120.0,1,2,Yes
Southampton,Female,36.0,First Class,120.0,1,2,Yes
Southampton,Male,49.0,First Class,26.0,0,0,No
Cherbourg,Female,,First Class,28.0,0,0,Yes
Southampton,Male,36.0,First Class,79.0,1,0,No
Southampton,Female,76.0,First Class,79.0,1,0,Yes
Southampton,Male,46.0,First Class,61.0,1,0,No
Southampton,Female,47.0,First Class,61.0,1,0,Yes
Southampton,Male,27.0,First Class,53.0,1,0,Yes
Southampton,Female,33.0,First Class,53.0,1,0,Yes
Cherbourg,Female,36.0,First Class,262.0,0,0,Yes
Southampton,Female,30.0,First Class,86.0,0,0,Yes
Cherbourg,Male,45.0,First Class,30.0,0,0,Yes
Southampton,Female,,First Class,55.0,0,1,Yes
Southampton,Male,,First Class,0.0,0,0,No
Cherbourg,Male,27.0,First Class,137.0,1,0,No
Cherbourg,Female,26.0,First Class,137.0,1,0,Yes
Southampton,Female,22.0,First Class,152.0,0,0,Yes
Southampton,Male,,First Class,52.0,0,0,No
Southampton,Male,47.0,First Class,26.0,0,0,No
Cherbourg,Female,39.0,First Class,83.0,1,1,Yes
Cherbourg,Male,37.0,First Class,83.0,1,1,No
Cherbourg,Female,64.0,First Class,83.0,0,2,Yes
Southampton,Female,55.0,First Class,26.0,2,0,Yes
Southampton,Male,,First Class,27.0,0,0,No
Southampton,Male,70.0,First Class,71.0,1,1,No
Southampton,Female,36.0,First Class,71.0,0,2,Yes
Southampton,Female,64.0,First Class,27.0,1,1,Yes
Cherbourg,Male,39.0,First Class,71.0,1,0,No
Cherbourg,Female,38.0,First Class,71.0,1,0,Yes
Southampton,Male,51.0,First Class,27.0,0,0,Yes
Southampton,Male,27.0,First Class,30.0,0,0,Yes
Southampton,Female,33.0,First Class,152.0,0,0,Yes
Southampton,Male,31.0,First Class,52.0,1,0,No
Southampton,Female,27.0,First Class,52.0,1,2,Yes
Southampton,Male,31.0,First Class,57.0,1,0,Yes
Southampton,Female,17.0,First Class,57.0,1,0,Yes
Southampton,Male,53.0,First Class,82.0,1,1,Yes
Southampton,Male,4.0,First Class,82.0,0,2,Yes
Southampton,Female,54.0,First Class,82.0,1,1,Yes
Cherbourg,Male,50.0,First Class,106.0,1,0,No
Cherbourg,Female,27.0,First Class,248.0,1,1,Yes
Cherbourg,Female,48.0,First Class,106.0,1,0,Yes
Cherbourg,Female,48.0,First Class,40.0,1,0,Yes
Cherbourg,Male,49.0,First Class,57.0,1,0,Yes
Cherbourg,Male,39.0,First Class,30.0,0,0,No
Cherbourg,Female,23.0,First Class,83.0,0,1,Yes
Cherbourg,Female,38.0,First Class,228.0,0,0,Yes
Cherbourg,Female,54.0,First Class,78.0,1,0,Yes
Cherbourg,Female,36.0,First Class,32.0,0,0,No
Southampton,Male,,First Class,222.0,0,0,No
Southampton,Female,,First Class,32.0,0,0,Yes
Cherbourg,Female,,First Class,111.0,0,0,Yes
Southampton,Male,36.0,First Class,26.0,0,0,Yes
Cherbourg,Male,30.0,First Class,28.0,0,0,No
Southampton,Female,24.0,First Class,263.0,3,2,Yes
Southampton,Female,28.0,First Class,263.0,3,2,Yes
Southampton,Female,23.0,First Class,263.0,3,2,Yes
Southampton,Male,19.0,First Class,263.0,3,2,No
Southampton,Male,64.0,First Class,263.0,1,4,No
Southampton,Female,60.0,First Class,263.0,1,4,Yes
Cherbourg,Female,30.0,First Class,57.0,0,0,Yes
Southampton,Male,,First Class,27.0,0,0,No
Southampton,Male,50.0,First Class,134.0,2,0,Yes
Cherbourg,Male,43.0,First Class,28.0,1,0,Yes
Southampton,Female,,First Class,134.0,1,0,Yes
Cherbourg,Female,22.0,First Class,50.0,0,2,Yes
Cherbourg,Male,60.0,First Class,79.0,1,1,Yes
Cherbourg,Female,48.0,First Class,79.0,1,1,Yes
Southampton,Male,,First Class,0.0,0,0,No
Southampton,Male,37.0,First Class,53.0,1,0,No
Southampton,Female,35.0,First Class,53.0,1,0,Yes
Southampton,Male,47.0,First Class,38.0,0,0,No
Cherbourg,Female,35.0,First Class,212.0,0,0,Yes
Cherbourg,Female,22.0,First Class,59.0,0,1,Yes
Cherbourg,Female,45.0,First Class,59.0,0,1,Yes
Cherbourg,Male,24.0,First Class,79.0,0,0,No
Cherbourg,Male,49.0,First Class,89.0,1,0,Yes
Cherbourg,Female,,First Class,89.0,1,0,Yes
Cherbourg,Male,71.0,First Class,35.0,0,0,No
Cherbourg,Male,53.0,First Class,28.0,0,0,Yes
Southampton,Female,19.0,First Class,30.0,0,0,Yes
Southampton,Male,38.0,First Class,153.0,0,1,No
Southampton,Female,58.0,First Class,153.0,0,1,Yes
Cherbourg,Male,23.0,First Class,63.0,0,1,Yes
Cherbourg,Female,45.0,First Class,63.0,0,1,Yes
Cherbourg,Male,46.0,First Class,79.0,0,0,No
Cherbourg,Male,25.0,First Class,55.0,1,0,Yes
Cherbourg,Female,25.0,First Class,55.0,1,0,Yes
Cherbourg,Male,48.0,First Class,77.0,1,0,Yes
Cherbourg,Female,49.0,First Class,77.0,1,0,Yes
Southampton,Male,,First Class,42.0,0,0,No
Southampton,Male,45.0,First Class,83.0,1,0,No
Southampton,Female,35.0,First Class,83.0,1,0,Yes
Southampton,Male,40.0,First Class,0.0,0,0,No
Cherbourg,Male,27.0,First Class,77.0,0,0,Yes
Southampton,Male,,First Class,30.0,0,0,Yes
Cherbourg,Female,24.0,First Class,83.0,0,0,Yes
Southampton,Male,55.0,First Class,94.0,1,1,No
Southampton,Female,52.0,First Class,94.0,1,1,Yes
Southampton,Male,42.0,First Class,42.0,0,0,No
Southampton,Male,,First Class,52.0,0,0,No
Southampton,Male,55.0,First Class,50.0,0,0,No
Cherbourg,Female,16.0,First Class,58.0,0,1,Yes
Cherbourg,Female,44.0,First Class,58.0,0,1,Yes
Southampton,Female,51.0,First Class,78.0,1,0,Yes
Southampton,Male,42.0,First Class,52.0,1,0,No
Southampton,Female,35.0,First Class,52.0,1,0,Yes
Cherbourg,Male,35.0,First Class,27.0,0,0,Yes
Southampton,Male,38.0,First Class,90.0,1,0,Yes
Cherbourg,Male,,First Class,31.0,0,0,No
Southampton,Female,35.0,First Class,90.0,1,0,Yes
,Female,38.0,First Class,80.0,0,0,Yes
Cherbourg,Female,50.0,First Class,29.0,0,0,No
Southampton,Male,49.0,First Class,0.0,0,0,Yes
Southampton,Male,46.0,First Class,26.0,0,0,No
Southampton,Male,50.0,First Class,26.0,0,0,No
Cherbourg,Male,32.0,First Class,212.0,0,0,No
Cherbourg,Male,58.0,First Class,30.0,0,0,No
Southampton,Male,41.0,First Class,52.0,1,0,No
Southampton,Female,,First Class,52.0,1,0,Yes
Southampton,Male,42.0,First Class,53.0,1,0,Yes
Southampton,Female,45.0,First Class,53.0,1,0,Yes
Southampton,Male,,First Class,27.0,0,0,No
Southampton,Female,39.0,First Class,211.0,0,0,Yes
Southampton,Female,49.0,First Class,26.0,0,0,Yes
Cherbourg,Female,30.0,First Class,106.0,0,0,Yes
Cherbourg,Male,35.0,First Class,512.0,0,0,Yes
Cherbourg,Male,,First Class,28.0,0,0,No
Southampton,Male,42.0,First Class,27.0,0,0,No
Cherbourg,Female,55.0,First Class,28.0,0,0,Yes
Southampton,Female,16.0,First Class,39.0,0,1,Yes
Southampton,Female,51.0,First Class,39.0,0,1,Yes
Southampton,Male,29.0,First Class,30.0,0,0,No
Southampton,Female,21.0,First Class,78.0,0,0,Yes
Southampton,Male,30.0,First Class,46.0,0,0,No
Cherbourg,Female,58.0,First Class,147.0,0,0,Yes
Southampton,Female,15.0,First Class,211.0,0,1,Yes
Southampton,Male,30.0,First Class,26.0,0,0,No
Southampton,Female,16.0,First Class,86.0,0,0,Yes
Cherbourg,Male,,First Class,30.0,0,0,Yes
Southampton,Male,19.0,First Class,53.0,1,0,No
Southampton,Female,18.0,First Class,53.0,1,0,Yes
Cherbourg,Female,24.0,First Class,50.0,0,0,Yes
Cherbourg,Male,46.0,First Class,75.0,0,0,No
Southampton,Male,54.0,First Class,52.0,0,0,No
Southampton,Male,36.0,First Class,26.0,0,0,Yes
Cherbourg,Male,28.0,First Class,82.0,1,0,No
Cherbourg,Female,,First Class,82.0,1,0,Yes
Southampton,Male,65.0,First Class,27.0,0,0,No
Queenstown,Male,44.0,First Class,90.0,2,0,No
Queenstown,Female,33.0,First Class,90.0,1,0,Yes
Queenstown,Female,37.0,First Class,90.0,1,0,Yes
Cherbourg,Male,30.0,First Class,58.0,1,0,Yes
Southampton,Male,55.0,First Class,30.0,0,0,No
Southampton,Male,47.0,First Class,42.0,0,0,No
Cherbourg,Male,37.0,First Class,30.0,0,1,No
Cherbourg,Female,31.0,First Class,113.0,1,0,Yes
Cherbourg,Female,23.0,First Class,113.0,1,0,Yes
Cherbourg,Male,58.0,First Class,113.0,0,2,No
Southampton,Female,19.0,First Class,26.0,0,2,Yes
Southampton,Male,64.0,First Class,26.0,0,0,No
Cherbourg,Female,39.0,First Class,109.0,0,0,Yes
Cherbourg,Male,,First Class,26.0,0,0,Yes
Cherbourg,Female,22.0,First Class,62.0,0,1,Yes
Cherbourg,Male,65.0,First Class,62.0,0,1,No
Cherbourg,Male,28.0,First Class,28.0,0,0,No
Southampton,Male,,First Class,0.0,0,0,No
Southampton,Male,46.0,First Class,28.0,0,0,No
Southampton,Male,23.0,First Class,94.0,0,0,No
Southampton,Male,29.0,First Class,67.0,1,0,No
Southampton,Female,22.0,First Class,67.0,1,0,Yes
Cherbourg,Male,18.0,First Class,109.0,1,0,No
Cherbourg,Female,17.0,First Class,109.0,1,0,Yes
Southampton,Female,30.0,First Class,94.0,0,0,Yes
Southampton,Male,52.0,First Class,30.0,0,0,Yes
Southampton,Male,47.0,First Class,52.0,0,0,No
Cherbourg,Female,56.0,First Class,83.0,0,1,Yes
Southampton,Male,38.0,First Class,0.0,0,0,No
Southampton,Male,,First Class,40.0,0,0,Yes
Cherbourg,Male,22.0,First Class,136.0,0,0,No
Cherbourg,Male,,First Class,228.0,0,0,No
Southampton,Female,43.0,First Class,211.0,0,1,Yes
Southampton,Male,31.0,First Class,50.0,0,0,No
Southampton,Male,45.0,First Class,27.0,0,0,Yes
Southampton,Male,,First Class,50.0,0,0,No
Cherbourg,Female,33.0,First Class,28.0,0,0,Yes
Cherbourg,Male,46.0,First Class,79.0,0,0,No
Cherbourg,Male,36.0,First Class,40.0,0,0,No
Southampton,Female,33.0,First Class,86.0,0,0,Yes
Cherbourg,Male,55.0,First Class,59.0,1,0,No
Cherbourg,Female,54.0,First Class,59.0,1,0,Yes
Southampton,Male,33.0,First Class,27.0,0,0,No
Cherbourg,Male,13.0,First Class,262.0,2,2,Yes
Cherbourg,Female,18.0,First Class,262.0,2,2,Yes
Cherbourg,Female,21.0,First Class,262.0,2,2,Yes
Cherbourg,Male,61.0,First Class,262.0,1,3,No
Cherbourg,Female,48.0,First Class,262.0,1,3,Yes
Southampton,Male,,First Class,30.0,0,0,Yes
Cherbourg,Female,24.0,First Class,69.0,0,0,Yes
Southampton,Male,,First Class,26.0,0,0,Yes
Cherbourg,Female,35.0,First Class,58.0,1,0,Yes
Cherbourg,Female,30.0,First Class,31.0,0,0,Yes
Southampton,Male,34.0,First Class,27.0,0,0,Yes
Southampton,Female,40.0,First Class,153.0,0,0,Yes
Southampton,Male,35.0,First Class,26.0,0,0,Yes
Southampton,Male,50.0,First Class,56.0,1,0,No
Southampton,Female,39.0,First Class,56.0,1,0,Yes
Cherbourg,Male,56.0,First Class,36.0,0,0,Yes
Southampton,Male,28.0,First Class,36.0,0,0,Yes
Southampton,Male,56.0,First Class,27.0,0,0,No
Cherbourg,Male,56.0,First Class,31.0,0,0,No
Southampton,Male,24.0,First Class,60.0,1,0,No
Southampton,Male,,First Class,26.0,0,0,No
Southampton,Female,18.0,First Class,60.0,1,0,Yes
Southampton,Male,24.0,First Class,82.0,1,0,Yes
Southampton,Female,23.0,First Class,82.0,1,0,Yes
Cherbourg,Male,6.0,First Class,134.0,0,2,Yes
Cherbourg,Male,45.0,First Class,134.0,1,1,Yes
Cherbourg,Female,40.0,First Class,134.0,1,1,Yes
Cherbourg,Male,57.0,First Class,147.0,1,0,No
Cherbourg,Female,,First Class,147.0,1,0,Yes
Cherbourg,Male,32.0,First Class,30.0,0,0,Yes
Southampton,Male,62.0,First Class,27.0,0,0,No
Cherbourg,Male,54.0,First Class,55.0,1,0,Yes
Cherbourg,Female,43.0,First Class,55.0,1,0,Yes
Cherbourg,Female,52.0,First Class,78.0,1,0,Yes
Cherbourg,Male,,First Class,28.0,0,0,No
,Female,62.0,First Class,80.0,0,0,Yes
Southampton,Male,67.0,First Class,222.0,1,0,No
Southampton,Female,63.0,First Class,222.0,1,0,No
Southampton,Male,61.0,First Class,32.0,0,0,No
Southampton,Female,48.0,First Class,26.0,0,0,Yes
Southampton,Female,18.0,First Class,80.0,0,2,Yes
Southampton,Male,52.0,First Class,80.0,1,1,No
Southampton,Female,39.0,First Class,80.0,1,1,Yes
Southampton,Male,48.0,First Class,52.0,1,0,Yes
Southampton,Female,,First Class,52.0,1,0,Yes
Cherbourg,Male,49.0,First Class,111.0,1,1,No
Cherbourg,Male,17.0,First Class,111.0,0,2,Yes
Cherbourg,Female,39.0,First Class,111.0,1,1,Yes
Cherbourg,Female,,First Class,79.0,0,0,Yes
Cherbourg,Male,31.0,First Class,29.0,0,0,Yes
Cherbourg,Male,40.0,First Class,28.0,0,0,No
Southampton,Male,61.0,First Class,34.0,0,0,No
Southampton,Male,47.0,First Class,34.0,0,0,No
Cherbourg,Female,35.0,First Class,512.0,0,0,Yes
Cherbourg,Male,64.0,First Class,75.0,1,0,No
Cherbourg,Female,60.0,First Class,75.0,1,0,Yes
Southampton,Male,60.0,First Class,27.0,0,0,No
Southampton,Male,54.0,First Class,77.0,0,1,No
Southampton,Male,21.0,First Class,77.0,0,1,No
Cherbourg,Female,55.0,First Class,136.0,0,0,Yes
Southampton,Female,31.0,First Class,165.0,0,2,Yes
Southampton,Male,57.0,First Class,165.0,1,1,No
Southampton,Female,45.0,First Class,165.0,1,1,Yes
Cherbourg,Male,50.0,First Class,212.0,1,1,No
Cherbourg,Male,27.0,First Class,212.0,0,2,No
Cherbourg,Female,50.0,First Class,212.0,1,1,Yes
Southampton,Female,21.0,First Class,27.0,0,0,Yes
Cherbourg,Male,51.0,First Class,61.0,0,1,No
Cherbourg,Male,21.0,First Class,61.0,0,1,Yes
Southampton,Male,,First Class,35.0,0,0,No
Cherbourg,Female,31.0,First Class,134.0,0,0,Yes
Southampton,Male,,First Class,36.0,0,0,Yes
Southampton,Male,62.0,First Class,27.0,0,0,No
Cherbourg,Female,36.0,First Class,136.0,0,0,Yes
Cherbourg,Male,30.0,Second Class,24.0,1,0,No
Cherbourg,Female,28.0,Second Class,24.0,1,0,Yes
Southampton,Male,30.0,Second Class,13.0,0,0,No
Southampton,Male,18.0,Second Class,12.0,0,0,No
Southampton,Male,25.0,Second Class,10.0,0,0,No
Southampton,Male,34.0,Second Class,26.0,1,0,No
Southampton,Female,36.0,Second Class,26.0,1,0,Yes
Southampton,Male,57.0,Second Class,13.0,0,0,No
Southampton,Male,18.0,Second Class,12.0,0,0,No
Southampton,Male,23.0,Second Class,10.0,0,0,No
Southampton,Female,36.0,Second Class,13.0,0,0,Yes
Southampton,Male,28.0,Second Class,10.0,0,0,No
Southampton,Male,51.0,Second Class,13.0,0,0,No
Southampton,Male,32.0,Second Class,26.0,1,0,Yes
Southampton,Female,19.0,Second Class,26.0,1,0,Yes
Southampton,Male,28.0,Second Class,26.0,0,0,No
Southampton,Male,1.0,Second Class,39.0,2,1,Yes
Southampton,Female,4.0,Second Class,39.0,2,1,Yes
Southampton,Female,12.0,Second Class,39.0,2,1,Yes
Southampton,Female,36.0,Second Class,39.0,0,3,Yes
Southampton,Male,34.0,Second Class,13.0,0,0,Yes
Southampton,Female,19.0,Second Class,13.0,0,0,Yes
Southampton,Male,23.0,Second Class,13.0,0,0,No
Southampton,Male,26.0,Second Class,13.0,0,0,No
Southampton,Male,42.0,Second Class,13.0,0,0,No
Southampton,Male,27.0,Second Class,13.0,0,0,No
Southampton,Female,24.0,Second Class,13.0,0,0,Yes
Southampton,Female,15.0,Second Class,39.0,0,2,Yes
Southampton,Male,60.0,Second Class,39.0,1,1,No
Southampton,Female,40.0,Second Class,39.0,1,1,Yes
Southampton,Female,20.0,Second Class,26.0,1,0,Yes
Southampton,Male,25.0,Second Class,26.0,1,0,No
Southampton,Female,36.0,Second Class,13.0,0,0,Yes
Southampton,Male,25.0,Second Class,13.0,0,0,No
Southampton,Male,42.0,Second Class,13.0,0,0,No
Southampton,Female,42.0,Second Class,13.0,0,0,Yes
Southampton,Male,1.0,Second Class,29.0,0,2,Yes
Southampton,Male,26.0,Second Class,29.0,1,1,Yes
Southampton,Female,22.0,Second Class,29.0,1,1,Yes
Southampton,Female,35.0,Second Class,21.0,0,0,Yes
Southampton,Male,,Second Class,0.0,0,0,No
Southampton,Male,19.0,Second Class,13.0,0,0,No
Southampton,Female,44.0,Second Class,26.0,1,0,No
Southampton,Male,54.0,Second Class,26.0,1,0,No
Southampton,Male,52.0,Second Class,14.0,0,0,No
Southampton,Male,37.0,Second Class,26.0,1,0,No
Southampton,Female,29.0,Second Class,26.0,1,0,No
Southampton,Female,25.0,Second Class,30.0,1,1,Yes
Southampton,Female,45.0,Second Class,30.0,0,2,Yes
Southampton,Male,29.0,Second Class,26.0,1,0,No
Southampton,Female,28.0,Second Class,26.0,1,0,Yes
Southampton,Male,29.0,Second Class,10.0,0,0,No
Southampton,Male,28.0,Second Class,13.0,0,0,No
Southampton,Male,24.0,Second Class,10.0,0,0,Yes
Southampton,Female,8.0,Second Class,26.0,0,2,Yes
Southampton,Male,31.0,Second Class,26.0,1,1,No
Southampton,Female,31.0,Second Class,26.0,1,1,Yes
Southampton,Female,22.0,Second Class,10.0,0,0,Yes
Southampton,Female,30.0,Second Class,13.0,0,0,No
Southampton,Female,,Second Class,21.0,0,0,No
Southampton,Male,21.0,Second Class,12.0,0,0,No
Southampton,Male,,Second Class,0.0,0,0,No
Southampton,Male,8.0,Second Class,37.0,1,1,Yes
Southampton,Male,18.0,Second Class,74.0,0,0,No
Southampton,Female,48.0,Second Class,37.0,0,2,Yes
Southampton,Female,28.0,Second Class,13.0,0,0,Yes
Southampton,Male,32.0,Second Class,13.0,0,0,No
Southampton,Male,17.0,Second Class,74.0,0,0,No
Cherbourg,Male,29.0,Second Class,28.0,1,0,No
Cherbourg,Female,24.0,Second Class,28.0,1,0,Yes
Southampton,Male,25.0,Second Class,32.0,0,0,No
Southampton,Male,18.0,Second Class,74.0,0,0,No
Southampton,Female,18.0,Second Class,23.0,0,1,Yes
Southampton,Female,34.0,Second Class,23.0,0,1,Yes
Southampton,Male,54.0,Second Class,26.0,0,0,No
Southampton,Male,8.0,Second Class,32.0,0,2,Yes
Southampton,Male,42.0,Second Class,32.0,1,1,No
Southampton,Female,34.0,Second Class,32.0,1,1,Yes
Cherbourg,Female,27.0,Second Class,14.0,1,0,Yes
Cherbourg,Female,30.0,Second Class,14.0,1,0,Yes
Southampton,Male,23.0,Second Class,13.0,0,0,No
Southampton,Male,21.0,Second Class,13.0,0,0,No
Southampton,Male,18.0,Second Class,13.0,0,0,No
Southampton,Male,40.0,Second Class,26.0,1,0,No
Southampton,Female,29.0,Second Class,26.0,1,0,Yes
Southampton,Male,18.0,Second Class,10.0,0,0,No
Southampton,Male,36.0,Second Class,13.0,0,0,No
Southampton,Male,,Second Class,0.0,0,0,No
Southampton,Female,38.0,Second Class,13.0,0,0,No
Southampton,Male,35.0,Second Class,26.0,0,0,No
Southampton,Male,38.0,Second Class,21.0,1,0,No
Southampton,Male,34.0,Second Class,21.0,1,0,No
Southampton,Female,34.0,Second Class,13.0,0,0,Yes
Southampton,Male,16.0,Second Class,26.0,0,0,No
Southampton,Male,26.0,Second Class,10.0,0,0,No
Southampton,Male,47.0,Second Class,10.0,0,0,No
Southampton,Male,21.0,Second Class,12.0,1,0,No
Southampton,Male,21.0,Second Class,12.0,1,0,No
Southampton,Male,24.0,Second Class,14.0,0,0,No
Southampton,Male,24.0,Second Class,13.0,0,0,No
Southampton,Male,34.0,Second Class,13.0,0,0,No
Southampton,Male,30.0,Second Class,13.0,0,0,No
Southampton,Male,52.0,Second Class,13.0,0,0,No
Southampton,Male,30.0,Second Class,13.0,0,0,No
Southampton,Male,1.0,Second Class,14.0,1,1,Yes
Southampton,Female,24.0,Second Class,14.0,0,2,Yes
Southampton,Male,44.0,Second Class,13.0,0,0,No
Southampton,Female,6.0,Second Class,33.0,0,1,Yes
Southampton,Male,28.0,Second Class,33.0,0,1,No
Southampton,Male,62.0,Second Class,10.0,0,0,Yes
Southampton,Male,30.0,Second Class,10.0,0,0,No
Southampton,Female,7.0,Second Class,26.0,0,2,Yes
Southampton,Male,43.0,Second Class,26.0,1,1,No
Southampton,Female,45.0,Second Class,26.0,1,1,Yes
Southampton,Female,24.0,Second Class,65.0,1,2,Yes
Southampton,Female,24.0,Second Class,65.0,1,2,Yes
Southampton,Male,49.0,Second Class,65.0,1,2,No
Southampton,Female,48.0,Second Class,65.0,1,2,Yes
Southampton,Female,55.0,Second Class,16.0,0,0,Yes
Southampton,Male,24.0,Second Class,74.0,2,0,No
Southampton,Male,32.0,Second Class,74.0,2,0,No
Southampton,Male,21.0,Second Class,74.0,2,0,No
Southampton,Female,18.0,Second Class,13.0,1,1,No
Southampton,Female,20.0,Second Class,23.0,2,1,Yes
Southampton,Male,23.0,Second Class,12.0,2,1,No
Southampton,Male,36.0,Second Class,13.0,0,0,No
Southampton,Female,54.0,Second Class,23.0,1,3,Yes
Southampton,Male,50.0,Second Class,13.0,0,0,No
Southampton,Male,44.0,Second Class,26.0,1,0,No
Southampton,Female,29.0,Second Class,26.0,1,0,Yes
Southampton,Male,21.0,Second Class,74.0,0,0,No
Southampton,Male,42.0,Second Class,13.0,0,0,Yes
Southampton,Male,63.0,Second Class,26.0,1,0,No
Southampton,Female,60.0,Second Class,26.0,1,0,No
Southampton,Male,33.0,Second Class,12.0,0,0,No
Southampton,Female,17.0,Second Class,10.0,0,0,Yes
Southampton,Male,42.0,Second Class,27.0,1,0,No
Southampton,Female,24.0,Second Class,27.0,2,1,Yes
Southampton,Male,47.0,Second Class,15.0,0,0,No
Southampton,Male,24.0,Second Class,32.0,2,0,No
Southampton,Male,22.0,Second Class,32.0,2,0,No
Southampton,Male,32.0,Second Class,10.0,0,0,No
Cherbourg,Female,23.0,Second Class,14.0,0,0,Yes
Southampton,Male,34.0,Second Class,26.0,1,0,No
Southampton,Female,24.0,Second Class,26.0,1,0,Yes
Southampton,Female,22.0,Second Class,21.0,0,0,No
Queenstown,Female,,Second Class,12.0,0,0,Yes
Queenstown,Male,35.0,Second Class,12.0,0,0,No
Southampton,Female,45.0,Second Class,14.0,0,0,Yes
Queenstown,Male,57.0,Second Class,12.0,0,0,No
Southampton,Male,,Second Class,0.0,0,0,No
Southampton,Male,31.0,Second Class,10.0,0,0,No
Southampton,Female,26.0,Second Class,26.0,1,1,No
Southampton,Male,30.0,Second Class,26.0,1,1,No
Queenstown,Male,,Second Class,11.0,0,0,No
Cherbourg,Female,1.0,Second Class,42.0,1,2,Yes
Cherbourg,Female,3.0,Second Class,42.0,1,2,Yes
Cherbourg,Male,25.0,Second Class,42.0,1,2,No
Cherbourg,Female,22.0,Second Class,42.0,1,2,Yes
Cherbourg,Female,17.0,Second Class,12.0,0,0,Yes
Southampton,Female,,Second Class,33.0,0,0,Yes
Southampton,Female,34.0,Second Class,10.0,0,0,Yes
Cherbourg,Male,36.0,Second Class,13.0,0,0,No
Southampton,Male,24.0,Second Class,10.0,0,0,No
Queenstown,Male,61.0,Second Class,12.0,0,0,No
Southampton,Male,50.0,Second Class,26.0,1,0,No
Southampton,Female,42.0,Second Class,26.0,1,0,Yes
Southampton,Female,57.0,Second Class,10.0,0,0,No
Cherbourg,Male,,Second Class,15.0,0,0,No
Cherbourg,Male,1.0,Second Class,37.0,0,2,Yes
Cherbourg,Male,31.0,Second Class,37.0,1,1,No
Cherbourg,Female,24.0,Second Class,37.0,1,1,Yes
Cherbourg,Male,,Second Class,16.0,0,0,No
Southampton,Male,30.0,Second Class,13.0,0,0,No
Southampton,Male,40.0,Second Class,16.0,0,0,No
Southampton,Male,32.0,Second Class,14.0,0,0,No
Southampton,Male,30.0,Second Class,13.0,0,0,No
Southampton,Male,46.0,Second Class,26.0,0,0,No
Southampton,Female,13.0,Second Class,20.0,0,1,Yes
Southampton,Female,41.0,Second Class,20.0,0,1,Yes
Southampton,Male,19.0,Second Class,10.0,0,0,Yes
Southampton,Male,39.0,Second Class,13.0,0,0,No
Southampton,Male,48.0,Second Class,13.0,0,0,No
Southampton,Male,70.0,Second Class,10.0,0,0,No
Southampton,Male,27.0,Second Class,13.0,0,0,No
Southampton,Male,54.0,Second Class,14.0,0,0,No
Southampton,Male,39.0,Second Class,26.0,0,0,No
Southampton,Male,16.0,Second Class,10.0,0,0,No
Queenstown,Male,62.0,Second Class,10.0,0,0,No
Cherbourg,Male,32.0,Second Class,30.0,1,0,No
Cherbourg,Female,14.0,Second Class,30.0,1,0,Yes
Southampton,Male,2.0,Second Class,26.0,1,1,Yes
Southampton,Male,3.0,Second Class,26.0,1,1,Yes
Southampton,Male,36.0,Second Class,26.0,0,2,No
Southampton,Male,26.0,Second Class,13.0,0,0,No
Southampton,Male,19.0,Second Class,37.0,1,1,No
Southampton,Male,28.0,Second Class,14.0,0,0,No
Cherbourg,Male,20.0,Second Class,14.0,0,0,Yes
Southampton,Female,29.0,Second Class,10.0,0,0,Yes
Southampton,Male,39.0,Second Class,13.0,0,0,No
Southampton,Male,22.0,Second Class,10.0,0,0,Yes
Cherbourg,Male,,Second Class,14.0,0,0,Yes
Southampton,Male,23.0,Second Class,10.0,0,0,No
Cherbourg,Male,29.0,Second Class,14.0,0,0,Yes
Southampton,Male,28.0,Second Class,10.0,0,0,No
Southampton,Male,,Second Class,0.0,0,0,No
Southampton,Female,50.0,Second Class,26.0,0,1,Yes
Southampton,Male,19.0,Second Class,10.0,0,0,No
Cherbourg,Male,,Second Class,15.0,0,0,No
Southampton,Male,41.0,Second Class,13.0,0,0,No
Southampton,Female,21.0,Second Class,21.0,0,1,Yes
Southampton,Female,19.0,Second Class,26.0,0,0,Yes
Southampton,Male,43.0,Second Class,21.0,0,1,No
Southampton,Female,32.0,Second Class,13.0,0,0,Yes
Southampton,Male,34.0,Second Class,13.0,0,0,No
Cherbourg,Male,30.0,Second Class,13.0,0,0,Yes
Cherbourg,Male,27.0,Second Class,15.0,0,0,No
Southampton,Female,2.0,Second Class,26.0,1,1,Yes
Southampton,Female,8.0,Second Class,26.0,1,1,Yes
Southampton,Female,33.0,Second Class,26.0,0,2,Yes
Southampton,Male,36.0,Second Class,10.0,0,0,No
Southampton,Male,34.0,Second Class,21.0,1,0,No
Southampton,Female,30.0,Second Class,21.0,3,0,Yes
Southampton,Female,28.0,Second Class,13.0,0,0,Yes
Cherbourg,Male,23.0,Second Class,15.0,0,0,No
Southampton,Male,1.0,Second Class,19.0,1,1,Yes
Southampton,Male,3.0,Second Class,19.0,1,1,Yes
Southampton,Female,24.0,Second Class,19.0,2,3,Yes
Southampton,Female,50.0,Second Class,10.0,0,0,Yes
Southampton,Male,19.0,Second Class,10.0,0,0,No
Southampton,Female,21.0,Second Class,10.0,0,0,Yes
Southampton,Male,26.0,Second Class,13.0,0,0,No
Southampton,Male,25.0,Second Class,13.0,0,0,No
Southampton,Male,27.0,Second Class,26.0,0,0,No
Southampton,Female,25.0,Second Class,26.0,0,1,Yes
Southampton,Female,18.0,Second Class,13.0,0,2,Yes
Southampton,Female,20.0,Second Class,37.0,0,0,Yes
Southampton,Female,30.0,Second Class,13.0,0,0,Yes
Southampton,Male,59.0,Second Class,14.0,0,0,No
Queenstown,Female,30.0,Second Class,12.0,0,0,Yes
Southampton,Male,35.0,Second Class,10.0,0,0,No
Southampton,Female,40.0,Second Class,13.0,0,0,Yes
Southampton,Male,25.0,Second Class,13.0,0,0,No
Cherbourg,Male,41.0,Second Class,15.0,0,0,No
Southampton,Male,25.0,Second Class,10.0,0,0,No
Southampton,Male,18.0,Second Class,13.0,0,0,No
Southampton,Male,14.0,Second Class,65.0,0,0,No
Southampton,Female,50.0,Second Class,10.0,0,0,Yes
Southampton,Male,23.0,Second Class,13.0,0,0,No
Southampton,Female,28.0,Second Class,13.0,0,0,Yes
Southampton,Female,27.0,Second Class,10.0,0,0,Yes
Southampton,Male,29.0,Second Class,21.0,1,0,No
Southampton,Female,27.0,Second Class,21.0,1,0,No
Southampton,Male,40.0,Second Class,13.0,0,0,No
Southampton,Female,31.0,Second Class,21.0,0,0,Yes
Southampton,Male,30.0,Second Class,21.0,1,0,No
Southampton,Male,23.0,Second Class,10.0,1,0,No
Southampton,Female,31.0,Second Class,21.0,0,0,Yes
Southampton,Male,,Second Class,0.0,0,0,No
Southampton,Female,12.0,Second Class,16.0,0,0,Yes
Southampton,Female,40.0,Second Class,16.0,0,0,Yes
Southampton,Female,32.0,Second Class,13.0,0,0,Yes
Southampton,Male,27.0,Second Class,26.0,1,0,No
Southampton,Female,29.0,Second Class,26.0,1,0,Yes
Southampton,Male,2.0,Second Class,23.0,1,1,Yes
Southampton,Female,4.0,Second Class,23.0,1,1,Yes
Southampton,Female,29.0,Second Class,23.0,0,2,Yes
Southampton,Female,1.0,Second Class,28.0,1,2,Yes
Southampton,Female,5.0,Second Class,28.0,1,2,Yes
Southampton,Male,36.0,Second Class,28.0,1,2,No
Southampton,Female,33.0,Second Class,28.0,1,2,Yes
Southampton,Male,66.0,Second Class,10.0,0,0,No
Southampton,Male,,Second Class,13.0,0,0,No
Southampton,Male,31.0,Second Class,13.0,0,0,Yes
Southampton,Male,,Second Class,13.0,0,0,Yes
Southampton,Female,26.0,Second Class,14.0,0,0,Yes
Southampton,Female,24.0,Second Class,13.0,0,0,No
Southampton,Male,42.0,Third Class,8.0,0,0,No
Southampton,Male,13.0,Third Class,20.0,0,2,No
Southampton,Male,16.0,Third Class,20.0,1,1,No
Southampton,Female,35.0,Third Class,20.0,1,1,Yes
Southampton,Female,16.0,Third Class,8.0,0,0,Yes
Southampton,Male,25.0,Third Class,8.0,0,0,Yes
Southampton,Male,20.0,Third Class,8.0,0,0,Yes
Cherbourg,Female,18.0,Third Class,7.0,0,0,Yes
Southampton,Male,30.0,Third Class,7.0,0,0,No
Southampton,Male,26.0,Third Class,8.0,0,0,No
Southampton,Female,40.0,Third Class,9.0,1,0,No
Southampton,Male,1.0,Third Class,9.0,0,1,Yes
Southampton,Female,18.0,Third Class,9.0,0,1,Yes
Cherbourg,Male,26.0,Third Class,19.0,0,0,Yes
Southampton,Male,26.0,Third Class,8.0,0,0,No
Southampton,Male,20.0,Third Class,8.0,0,0,No
Southampton,Male,24.0,Third Class,7.0,0,0,No
Southampton,Male,25.0,Third Class,7.0,0,0,No
Southampton,Male,35.0,Third Class,8.0,0,0,No
Southampton,Male,18.0,Third Class,8.0,0,0,No
Southampton,Male,32.0,Third Class,23.0,0,0,No
Southampton,Female,19.0,Third Class,8.0,1,0,Yes
Southampton,Male,4.0,Third Class,31.0,4,2,No
Southampton,Female,6.0,Third Class,31.0,4,2,No
Southampton,Female,2.0,Third Class,31.0,4,2,No
Southampton,Female,17.0,Third Class,8.0,4,2,Yes
Southampton,Female,38.0,Third Class,8.0,4,2,No
Southampton,Female,9.0,Third Class,31.0,4,2,No
Southampton,Female,11.0,Third Class,31.0,4,2,No
Southampton,Male,39.0,Third Class,31.0,1,5,No
Southampton,Male,27.0,Third Class,8.0,0,0,Yes
Southampton,Male,26.0,Third Class,8.0,0,0,No
Southampton,Female,39.0,Third Class,31.0,1,5,No
Southampton,Male,20.0,Third Class,8.0,0,0,No
Southampton,Male,26.0,Third Class,8.0,0,0,No
Southampton,Male,25.0,Third Class,18.0,1,0,No
Southampton,Female,18.0,Third Class,18.0,1,0,No
Southampton,Male,24.0,Third Class,8.0,0,0,No
Southampton,Male,35.0,Third Class,7.0,0,0,No
Southampton,Male,5.0,Third Class,31.0,4,2,No
Southampton,Male,9.0,Third Class,31.0,4,2,No
Southampton,Male,3.0,Third Class,31.0,4,2,Yes
Southampton,Male,13.0,Third Class,31.0,4,2,No
Southampton,Female,5.0,Third Class,31.0,4,2,Yes
Southampton,Male,40.0,Third Class,31.0,1,5,No
Southampton,Male,23.0,Third Class,8.0,0,0,Yes
Southampton,Female,38.0,Third Class,31.0,1,5,Yes
Cherbourg,Female,45.0,Third Class,7.0,0,0,Yes
Cherbourg,Male,21.0,Third Class,7.0,0,0,No
Southampton,Male,23.0,Third Class,7.0,0,0,No
Cherbourg,Female,17.0,Third Class,14.0,0,0,No
Cherbourg,Male,30.0,Third Class,7.0,0,0,No
Southampton,Male,23.0,Third Class,8.0,0,0,No
Cherbourg,Female,13.0,Third Class,7.0,0,0,Yes
Cherbourg,Male,20.0,Third Class,7.0,0,0,No
Southampton,Male,32.0,Third Class,16.0,1,0,No
Southampton,Female,33.0,Third Class,16.0,3,0,Yes
Cherbourg,Female,1.0,Third Class,19.0,2,1,Yes
Cherbourg,Female,1.0,Third Class,19.0,2,1,Yes
Cherbourg,Female,5.0,Third Class,19.0,2,1,Yes
Cherbourg,Female,24.0,Third Class,19.0,0,3,Yes
Southampton,Female,18.0,Third Class,8.0,0,0,Yes
Cherbourg,Male,40.0,Third Class,7.0,0,0,No
Southampton,Male,26.0,Third Class,8.0,0,0,No
Cherbourg,Male,20.0,Third Class,7.0,0,0,Yes
Cherbourg,Female,18.0,Third Class,14.0,0,1,No
Cherbourg,Female,45.0,Third Class,14.0,0,1,No
Queenstown,Female,27.0,Third Class,8.0,0,0,No
Southampton,Male,22.0,Third Class,8.0,0,0,No
Southampton,Male,19.0,Third Class,8.0,0,0,No
Southampton,Male,26.0,Third Class,8.0,0,0,No
Southampton,Male,22.0,Third Class,9.0,0,0,No
Cherbourg,Male,,Third Class,7.0,0,0,No
Cherbourg,Male,20.0,Third Class,4.0,0,0,No
Southampton,Male,32.0,Third Class,56.0,0,0,Yes
Southampton,Male,21.0,Third Class,8.0,0,0,No
Southampton,Male,18.0,Third Class,8.0,0,0,No
Southampton,Male,26.0,Third Class,8.0,0,0,No
Cherbourg,Male,6.0,Third Class,15.0,1,1,No
Cherbourg,Female,9.0,Third Class,15.0,1,1,No
Cherbourg,Male,,Third Class,7.0,0,0,No
Cherbourg,Female,,Third Class,15.0,0,2,No
Queenstown,Female,,Third Class,8.0,0,2,No
Queenstown,Male,40.0,Third Class,16.0,1,1,No
Queenstown,Female,32.0,Third Class,16.0,1,1,No
Southampton,Male,21.0,Third Class,16.0,0,0,No
Queenstown,Female,22.0,Third Class,8.0,0,0,Yes
Southampton,Female,20.0,Third Class,8.0,0,0,No
Southampton,Male,29.0,Third Class,7.0,1,0,No
Southampton,Male,22.0,Third Class,7.0,1,0,No
Southampton,Male,22.0,Third Class,8.0,0,0,No
Southampton,Male,35.0,Third Class,8.0,0,0,No
Queenstown,Female,18.0,Third Class,7.0,0,0,No
Queenstown,Male,21.0,Third Class,8.0,0,0,Yes
Queenstown,Male,19.0,Third Class,7.0,0,0,No
Queenstown,Female,18.0,Third Class,8.0,0,0,No
Southampton,Female,21.0,Third Class,9.0,0,0,No
Southampton,Female,30.0,Third Class,9.0,0,0,No
Southampton,Male,18.0,Third Class,9.0,0,0,No
Southampton,Male,38.0,Third Class,9.0,0,0,No
Southampton,Male,17.0,Third Class,9.0,0,0,No
Southampton,Male,17.0,Third Class,9.0,0,0,No
Queenstown,Female,21.0,Third Class,8.0,0,0,No
Queenstown,Male,21.0,Third Class,8.0,0,0,No
Southampton,Male,21.0,Third Class,8.0,0,0,No
Cherbourg,Male,,Third Class,14.0,1,0,No
Cherbourg,Female,,Third Class,14.0,1,0,No
Southampton,Male,28.0,Third Class,8.0,0,0,No
Southampton,Male,24.0,Third Class,8.0,0,0,No
Queenstown,Female,16.0,Third Class,8.0,0,0,Yes
Queenstown,Female,37.0,Third Class,8.0,0,0,No
Southampton,Male,28.0,Third Class,7.0,0,0,No
Southampton,Male,24.0,Third Class,8.0,0,0,No
Queenstown,Male,21.0,Third Class,8.0,0,0,No
Southampton,Male,32.0,Third Class,56.0,0,0,Yes
Southampton,Male,29.0,Third Class,8.0,0,0,No
Cherbourg,Male,26.0,Third Class,14.0,1,0,No
Cherbourg,Male,18.0,Third Class,14.0,1,0,No
Southampton,Male,20.0,Third Class,7.0,0,0,No
Southampton,Male,18.0,Third Class,8.0,0,0,Yes
Queenstown,Male,24.0,Third Class,7.0,0,0,No
Southampton,Male,36.0,Third Class,7.0,0,0,No
Southampton,Male,24.0,Third Class,7.0,0,0,No
Queenstown,Male,31.0,Third Class,8.0,0,0,No
Queenstown,Male,31.0,Third Class,8.0,0,0,No
Queenstown,Female,22.0,Third Class,8.0,0,0,Yes
Queenstown,Female,30.0,Third Class,8.0,0,0,No
Queenstown,Male,70.0,Third Class,8.0,0,0,No
Southampton,Male,43.0,Third Class,8.0,0,0,No
Southampton,Male,35.0,Third Class,8.0,0,0,No
Southampton,Male,27.0,Third Class,8.0,0,0,No
Southampton,Male,19.0,Third Class,8.0,0,0,No
Southampton,Male,30.0,Third Class,8.0,0,0,No
Southampton,Male,9.0,Third Class,16.0,1,1,Yes
Southampton,Male,3.0,Third Class,16.0,1,1,Yes
Southampton,Female,36.0,Third Class,16.0,0,2,Yes
Southampton,Male,59.0,Third Class,7.0,0,0,No
Southampton,Male,19.0,Third Class,8.0,0,0,No
Southampton,Female,17.0,Third Class,16.0,0,1,Yes
Southampton,Male,44.0,Third Class,16.0,0,1,No
Southampton,Male,17.0,Third Class,9.0,0,0,No
Cherbourg,Male,22.0,Third Class,7.0,0,0,No
Southampton,Male,45.0,Third Class,8.0,0,0,Yes
Southampton,Female,22.0,Third Class,11.0,0,0,No
Southampton,Male,19.0,Third Class,10.0,0,0,No
Queenstown,Female,30.0,Third Class,7.0,0,0,Yes
Queenstown,Male,29.0,Third Class,8.0,0,0,Yes
Southampton,Male,0.0,Third Class,14.0,0,2,No
Southampton,Male,34.0,Third Class,14.0,1,1,No
Southampton,Female,28.0,Third Class,14.0,1,1,No
Southampton,Male,27.0,Third Class,8.0,0,0,No
Southampton,Male,25.0,Third Class,8.0,0,0,No
Southampton,Male,24.0,Third Class,24.0,2,0,No
Southampton,Male,22.0,Third Class,8.0,0,0,No
Southampton,Male,21.0,Third Class,24.0,2,0,No
Southampton,Male,17.0,Third Class,8.0,2,0,No
Southampton,Male,,Third Class,16.0,1,0,No
Southampton,Female,,Third Class,16.0,1,0,Yes
Southampton,Male,36.0,Third Class,17.0,1,0,Yes
Southampton,Female,36.0,Third Class,17.0,1,0,Yes
Southampton,Male,30.0,Third Class,10.0,0,0,Yes
Southampton,Male,16.0,Third Class,10.0,0,0,No
Southampton,Male,1.0,Third Class,21.0,1,2,Yes
Southampton,Female,0.0,Third Class,21.0,1,2,Yes
Southampton,Male,26.0,Third Class,21.0,1,2,No
Southampton,Female,33.0,Third Class,21.0,1,2,Yes
Southampton,Male,25.0,Third Class,8.0,0,0,No
Southampton,Male,,Third Class,8.0,0,0,No
Southampton,Male,,Third Class,8.0,0,0,No
Southampton,Male,22.0,Third Class,7.0,0,0,No
Southampton,Male,36.0,Third Class,7.0,0,0,No
Queenstown,Female,19.0,Third Class,8.0,0,0,Yes
Southampton,Male,17.0,Third Class,8.0,0,0,No
Southampton,Male,42.0,Third Class,9.0,0,0,No
Southampton,Male,43.0,Third Class,8.0,0,0,No
Cherbourg,Male,,Third Class,7.0,0,0,No
Queenstown,Male,32.0,Third Class,8.0,0,0,No
Southampton,Male,19.0,Third Class,8.0,0,0,Yes
Southampton,Female,30.0,Third Class,12.0,0,0,Yes
Queenstown,Female,24.0,Third Class,8.0,0,0,No
Southampton,Female,23.0,Third Class,8.0,0,0,Yes
Cherbourg,Male,33.0,Third Class,8.0,0,0,No
Queenstown,Male,65.0,Third Class,8.0,0,0,No
Southampton,Male,24.0,Third Class,8.0,0,0,Yes
Southampton,Male,23.0,Third Class,14.0,1,0,No
Southampton,Female,22.0,Third Class,14.0,1,0,Yes
Southampton,Male,18.0,Third Class,8.0,0,0,No
Southampton,Male,16.0,Third Class,8.0,0,0,No
Southampton,Male,45.0,Third Class,7.0,0,0,No
Cherbourg,Male,,Third Class,7.0,0,0,No
Cherbourg,Male,39.0,Third Class,7.0,0,2,No
Cherbourg,Male,17.0,Third Class,7.0,1,1,No
Cherbourg,Male,15.0,Third Class,7.0,1,1,No
Southampton,Male,47.0,Third Class,7.0,0,0,No
Southampton,Female,5.0,Third Class,12.0,0,0,Yes
Cherbourg,Male,,Third Class,7.0,0,0,No
Southampton,Male,40.0,Third Class,15.0,0,0,No
Queenstown,Male,40.0,Third Class,8.0,0,0,No
Southampton,Male,,Third Class,7.0,0,0,Yes
Southampton,Male,18.0,Third Class,8.0,0,0,No
Queenstown,Female,,Third Class,8.0,0,0,No
Queenstown,Male,,Third Class,8.0,0,0,No
Queenstown,Male,,Third Class,7.0,0,0,No
Queenstown,Male,26.0,Third Class,8.0,0,0,No
Queenstown,Male,,Third Class,8.0,0,0,No
Southampton,Male,,Third Class,56.0,0,0,Yes
Southampton,Female,21.0,Third Class,34.0,2,2,No
Southampton,Female,9.0,Third Class,34.0,2,2,No
Southampton,Male,,Third Class,8.0,0,0,No
Southampton,Male,18.0,Third Class,34.0,2,2,No
Southampton,Male,16.0,Third Class,34.0,1,3,No
Southampton,Female,48.0,Third Class,34.0,1,3,No
Queenstown,Male,,Third Class,8.0,0,0,No
Southampton,Male,,Third Class,7.0,0,0,No
Queenstown,Male,25.0,Third Class,8.0,0,0,No
Southampton,Male,,Third Class,14.0,0,0,No
Cherbourg,Male,,Third Class,8.0,0,0,No
Southampton,Male,22.0,Third Class,8.0,0,0,No
Queenstown,Female,16.0,Third Class,8.0,0,0,Yes
Queenstown,Female,,Third Class,8.0,0,0,Yes
Southampton,Male,9.0,Third Class,21.0,0,2,Yes
Southampton,Male,33.0,Third Class,21.0,1,1,No
Southampton,Male,41.0,Third Class,8.0,0,0,No
Southampton,Female,31.0,Third Class,21.0,1,1,Yes
Southampton,Male,38.0,Third Class,7.0,0,0,No
Southampton,Male,9.0,Third Class,47.0,5,2,No
Southampton,Male,1.0,Third Class,47.0,5,2,No
Southampton,Male,11.0,Third Class,47.0,5,2,No
Southampton,Female,10.0,Third Class,47.0,5,2,No
Southampton,Female,16.0,Third Class,47.0,5,2,No
Southampton,Male,14.0,Third Class,47.0,5,2,No
Southampton,Male,40.0,Third Class,47.0,1,6,No
Southampton,Female,43.0,Third Class,47.0,1,6,No
Southampton,Male,51.0,Third Class,8.0,0,0,No
Southampton,Male,32.0,Third Class,8.0,0,0,No
Southampton,Male,,Third Class,8.0,0,0,No
Southampton,Male,20.0,Third Class,10.0,0,0,No
Southampton,Male,37.0,Third Class,8.0,2,0,No
Southampton,Male,28.0,Third Class,8.0,2,0,No
Southampton,Male,19.0,Third Class,8.0,0,0,No
Southampton,Female,24.0,Third Class,9.0,0,0,No
Queenstown,Female,17.0,Third Class,8.0,0,0,No
Southampton,Male,,Third Class,20.0,1,0,No
Southampton,Male,,Third Class,20.0,1,0,No
Southampton,Male,28.0,Third Class,16.0,1,0,No
Southampton,Female,24.0,Third Class,16.0,1,0,Yes
Southampton,Male,20.0,Third Class,10.0,0,0,No
Cherbourg,Male,24.0,Third Class,7.0,0,0,No
Southampton,Male,41.0,Third Class,14.0,2,0,No
Southampton,Male,26.0,Third Class,8.0,1,0,No
Southampton,Male,21.0,Third Class,8.0,0,0,No
Southampton,Female,45.0,Third Class,14.0,1,0,Yes
Southampton,Female,,Third Class,8.0,0,0,No
Southampton,Male,25.0,Third Class,7.0,0,0,No
Queenstown,Male,,Third Class,7.0,0,0,No
Cherbourg,Male,11.0,Third Class,19.0,0,0,No
Queenstown,Female,,Third Class,8.0,0,0,Yes
Southampton,Male,27.0,Third Class,7.0,0,0,Yes
Southampton,Male,,Third Class,56.0,0,0,Yes
Queenstown,Female,18.0,Third Class,7.0,0,0,No
Southampton,Female,26.0,Third Class,8.0,0,0,Yes
Southampton,Female,23.0,Third Class,8.0,0,0,No
Southampton,Female,22.0,Third Class,9.0,0,0,Yes
Southampton,Male,28.0,Third Class,8.0,0,0,No
Southampton,Female,28.0,Third Class,8.0,0,0,No
Queenstown,Female,,Third Class,8.0,0,0,No
Southampton,Female,2.0,Third Class,12.0,0,1,Yes
Southampton,Female,22.0,Third Class,12.0,1,1,Yes
Southampton,Male,43.0,Third Class,6.0,0,0,No
Southampton,Male,28.0,Third Class,23.0,0,0,No
Southampton,Female,27.0,Third Class,8.0,0,0,Yes
Queenstown,Male,,Third Class,8.0,0,0,No
Southampton,Female,,Third Class,8.0,0,0,Yes
Southampton,Male,42.0,Third Class,8.0,0,0,No
Southampton,Male,,Third Class,8.0,0,0,Yes
Cherbourg,Male,30.0,Third Class,7.0,0,0,No
Southampton,Male,,Third Class,8.0,0,0,No
Southampton,Female,27.0,Third Class,8.0,1,0,No
Southampton,Female,25.0,Third Class,8.0,1,0,No
Southampton,Male,,Third Class,8.0,0,0,No
Cherbourg,Male,29.0,Third Class,8.0,0,0,Yes
Southampton,Male,21.0,Third Class,8.0,0,0,Yes
Southampton,Male,,Third Class,7.0,0,0,No
Southampton,Male,20.0,Third Class,8.0,0,0,No
Southampton,Male,48.0,Third Class,8.0,0,0,No
Southampton,Male,17.0,Third Class,7.0,1,0,No
Queenstown,Female,,Third Class,8.0,0,0,Yes
Southampton,Male,,Third Class,8.0,0,0,Yes
Southampton,Male,34.0,Third Class,6.0,0,0,No
Southampton,Male,26.0,Third Class,8.0,0,0,Yes
Southampton,Male,22.0,Third Class,8.0,0,0,No
Southampton,Male,33.0,Third Class,9.0,0,0,No
Southampton,Male,31.0,Third Class,8.0,0,0,No
Southampton,Male,29.0,Third Class,8.0,0,0,No
Southampton,Male,4.0,Third Class,11.0,1,1,Yes
Southampton,Female,1.0,Third Class,11.0,1,1,Yes
Southampton,Male,49.0,Third Class,0.0,0,0,No
Southampton,Male,33.0,Third Class,8.0,0,0,No
Southampton,Male,19.0,Third Class,0.0,0,0,No
Southampton,Female,27.0,Third Class,11.0,0,2,Yes
Southampton,Male,,Third Class,23.0,1,2,No
Southampton,Female,,Third Class,23.0,1,2,No
Southampton,Male,,Third Class,23.0,1,2,No
Southampton,Female,,Third Class,23.0,1,2,No
Southampton,Male,23.0,Third Class,8.0,0,0,No
Southampton,Male,32.0,Third Class,8.0,0,0,Yes
Southampton,Male,27.0,Third Class,8.0,0,0,No
Southampton,Female,20.0,Third Class,10.0,1,0,No
Southampton,Female,21.0,Third Class,10.0,1,0,No
Southampton,Male,32.0,Third Class,8.0,0,0,Yes
Southampton,Male,17.0,Third Class,7.0,0,0,No
Southampton,Male,21.0,Third Class,8.0,0,0,No
Southampton,Male,30.0,Third Class,8.0,0,0,No
Southampton,Male,21.0,Third Class,8.0,0,0,Yes
Southampton,Male,33.0,Third Class,8.0,0,0,No
Southampton,Male,22.0,Third Class,8.0,0,0,No
Cherbourg,Female,4.0,Third Class,13.0,0,1,Yes
Cherbourg,Male,39.0,Third Class,13.0,0,1,Yes
Cherbourg,Male,,Third Class,7.0,0,0,No
Cherbourg,Male,18.0,Third Class,7.0,0,0,No
Queenstown,Male,,Third Class,8.0,0,0,No
Southampton,Male,,Third Class,7.0,0,0,No
Queenstown,Female,,Third Class,8.0,0,0,Yes
Queenstown,Female,,Third Class,8.0,0,0,Yes
Queenstown,Male,34.0,Third Class,8.0,0,0,No
Southampton,Male,44.0,Third Class,8.0,0,0,No
Queenstown,Male,,Third Class,8.0,0,0,Yes
Cherbourg,Male,,Third Class,14.0,1,0,No
Cherbourg,Female,,Third Class,14.0,1,0,No
Queenstown,Male,,Third Class,8.0,1,0,No
Queenstown,Male,,Third Class,8.0,1,0,No
Queenstown,Male,,Third Class,8.0,0,0,No
Southampton,Female,22.0,Third Class,9.0,2,0,No
Southampton,Male,26.0,Third Class,9.0,2,0,No
Southampton,Female,4.0,Third Class,22.0,0,2,Yes
Southampton,Male,29.0,Third Class,22.0,3,1,Yes
Southampton,Female,26.0,Third Class,22.0,1,1,Yes
Southampton,Female,1.0,Third Class,12.0,1,1,No
Southampton,Male,18.0,Third Class,8.0,1,1,No
Southampton,Female,36.0,Third Class,12.0,0,2,No
Cherbourg,Male,,Third Class,8.0,0,0,No
Cherbourg,Male,25.0,Third Class,7.0,0,0,Yes
Cherbourg,Male,,Third Class,7.0,0,0,No
Southampton,Female,37.0,Third Class,10.0,0,0,No
Southampton,Male,,Third Class,8.0,0,0,No
Southampton,Male,,Third Class,56.0,0,0,Yes
Southampton,Male,,Third Class,56.0,0,0,No
Southampton,Female,22.0,Third Class,7.0,0,0,Yes
Queenstown,Male,,Third Class,8.0,0,0,No
Southampton,Male,26.0,Third Class,56.0,0,0,Yes
Southampton,Male,29.0,Third Class,9.0,0,0,No
Southampton,Male,29.0,Third Class,8.0,0,0,No
Southampton,Male,22.0,Third Class,8.0,0,0,No
Cherbourg,Male,22.0,Third Class,7.0,0,0,Yes
Southampton,Male,,Third Class,25.0,3,1,No
Southampton,Female,,Third Class,25.0,3,1,No
Southampton,Female,,Third Class,25.0,3,1,No
Southampton,Female,,Third Class,25.0,3,1,No
Southampton,Female,,Third Class,25.0,0,4,No
Southampton,Male,32.0,Third Class,8.0,0,0,No
Cherbourg,Male,34.0,Third Class,6.0,0,0,No
Queenstown,Female,,Third Class,16.0,1,0,No
Queenstown,Male,,Third Class,16.0,1,0,No
Southampton,Male,36.0,Third Class,0.0,0,0,No
Southampton,Male,39.0,Third Class,24.0,0,0,No
Southampton,Male,24.0,Third Class,10.0,0,0,No
Southampton,Female,25.0,Third Class,8.0,0,0,No
Southampton,Female,45.0,Third Class,8.0,0,0,No
Southampton,Male,36.0,Third Class,16.0,1,0,No
Southampton,Female,30.0,Third Class,16.0,1,0,No
Southampton,Male,20.0,Third Class,8.0,1,0,Yes
Queenstown,Male,,Third Class,8.0,0,0,No
Southampton,Male,28.0,Third Class,56.0,0,0,No
Southampton,Male,,Third Class,8.0,0,0,No
Southampton,Male,30.0,Third Class,16.0,1,0,No
Southampton,Female,26.0,Third Class,16.0,1,0,No
Southampton,Male,,Third Class,8.0,0,0,No
Southampton,Male,20.0,Third Class,7.0,0,0,No
Southampton,Male,27.0,Third Class,9.0,0,0,Yes
Southampton,Male,51.0,Third Class,7.0,0,0,No
Southampton,Female,23.0,Third Class,8.0,0,0,Yes
Southampton,Male,32.0,Third Class,8.0,0,0,Yes
Southampton,Male,,Third Class,8.0,0,0,No
Southampton,Male,,Third Class,8.0,0,0,No
Queenstown,Female,,Third Class,8.0,0,0,Yes
Southampton,Male,24.0,Third Class,7.0,0,0,Yes
Southampton,Male,22.0,Third Class,7.0,0,0,No
Queenstown,Female,,Third Class,8.0,0,0,No
Queenstown,Male,,Third Class,8.0,0,0,No
Southampton,Male,,Third Class,8.0,0,0,No
Southampton,Male,29.0,Third Class,8.0,0,0,No
Cherbourg,Male,,Third Class,7.0,0,0,Yes
Queenstown,Female,30.0,Third Class,8.0,0,0,No
Queenstown,Female,,Third Class,8.0,0,0,Yes
Cherbourg,Male,,Third Class,7.0,0,0,No
Cherbourg,Male,35.0,Third Class,8.0,0,0,No
Southampton,Male,33.0,Third Class,8.0,0,0,No
Cherbourg,Female,,Third Class,7.0,0,0,Yes
Cherbourg,Male,,Third Class,8.0,0,0,No
Queenstown,Female,,Third Class,8.0,0,0,Yes
Queenstown,Male,,Third Class,8.0,0,0,Yes
Queenstown,Female,,Third Class,23.0,2,0,Yes
Queenstown,Female,,Third Class,23.0,2,0,Yes
Queenstown,Male,,Third Class,23.0,2,0,Yes
Queenstown,Female,,Third Class,8.0,0,0,Yes
Queenstown,Male,,Third Class,16.0,0,0,No
Queenstown,Female,,Third Class,8.0,0,0,Yes
Queenstown,Female,15.0,Third Class,8.0,0,0,Yes
Queenstown,Female,35.0,Third Class,8.0,0,0,No
Queenstown,Male,,Third Class,8.0,0,0,No
Southampton,Male,24.0,Third Class,16.0,1,0,No
Southampton,Female,19.0,Third Class,16.0,1,0,No
Queenstown,Female,,Third Class,8.0,0,0,No
Southampton,Female,,Third Class,8.0,0,0,No
Southampton,Female,,Third Class,8.0,0,0,No
Southampton,Male,56.0,Third Class,8.0,0,0,No
Queenstown,Male,,Third Class,8.0,0,0,No
Southampton,Male,21.0,Third Class,8.0,0,0,Yes
Southampton,Male,,Third Class,8.0,0,0,No
Southampton,Male,24.0,Third Class,8.0,0,0,No
Southampton,Male,21.0,Third Class,8.0,0,0,No
Southampton,Male,28.0,Third Class,8.0,0,0,No
Southampton,Male,,Third Class,8.0,0,0,No
Queenstown,Female,,Third Class,8.0,0,0,Yes
Southampton,Male,25.0,Third Class,8.0,0,0,No
Southampton,Male,6.0,Third Class,12.0,0,1,Yes
Southampton,Female,27.0,Third Class,12.0,0,1,Yes
Southampton,Male,,Third Class,8.0,0,0,No
Queenstown,Female,,Third Class,24.0,1,0,Yes
Queenstown,Male,,Third Class,24.0,1,0,No
Queenstown,Male,,Third Class,8.0,0,0,No
Southampton,Male,34.0,Third Class,8.0,0,0,No
Queenstown,Male,,Third Class,8.0,0,0,No
Southampton,Male,,Third Class,8.0,0,0,Yes
Cherbourg,Male,,Third Class,15.0,1,1,Yes
Cherbourg,Male,,Third Class,15.0,1,1,Yes
Cherbourg,Female,,Third Class,15.0,0,2,Yes
Cherbourg,Female,,Third Class,7.0,0,0,Yes
Southampton,Male,,Third Class,8.0,0,0,No
Queenstown,Female,,Third Class,8.0,0,0,Yes
Queenstown,Female,24.0,Third Class,8.0,0,0,Yes
Southampton,Male,,Third Class,8.0,0,0,No
Queenstown,Female,,Third Class,16.0,1,0,Yes
Queenstown,Female,,Third Class,16.0,1,0,Yes
Queenstown,Female,,Third Class,16.0,0,0,Yes
Southampton,Male,18.0,Third Class,8.0,0,0,No
Southampton,Male,22.0,Third Class,8.0,0,0,No
Cherbourg,Female,15.0,Third Class,7.0,0,0,Yes
Cherbourg,Female,1.0,Third Class,16.0,0,2,Yes
Cherbourg,Male,20.0,Third Class,16.0,1,1,Yes
Cherbourg,Female,19.0,Third Class,16.0,1,1,Yes
Southampton,Male,33.0,Third Class,8.0,0,0,No
Southampton,Male,,Third Class,8.0,0,0,No
Cherbourg,Male,,Third Class,7.0,0,0,No
Queenstown,Female,,Third Class,8.0,0,0,No
Southampton,Male,,Third Class,8.0,0,0,No
Cherbourg,Male,12.0,Third Class,11.0,1,0,Yes
Cherbourg,Female,14.0,Third Class,11.0,1,0,Yes
Southampton,Female,29.0,Third Class,8.0,0,0,No
Southampton,Male,28.0,Third Class,8.0,0,0,No
Southampton,Female,18.0,Third Class,8.0,0,0,Yes
Southampton,Female,26.0,Third Class,8.0,0,0,Yes
Southampton,Male,21.0,Third Class,8.0,0,0,No
Southampton,Male,41.0,Third Class,7.0,0,0,No
Southampton,Male,39.0,Third Class,8.0,0,0,Yes
Southampton,Male,21.0,Third Class,8.0,0,0,No
Cherbourg,Male,28.0,Third Class,7.0,0,0,No
Southampton,Female,22.0,Third Class,8.0,0,0,Yes
Southampton,Male,61.0,Third Class,6.0,0,0,No
Queenstown,Male,,Third Class,16.0,1,0,No
Queenstown,Male,,Third Class,8.0,0,0,No
Queenstown,Female,,Third Class,16.0,1,0,Yes
Queenstown,Male,,Third Class,8.0,0,0,No
Queenstown,Male,,Third Class,8.0,0,0,No
Queenstown,Male,,Third Class,8.0,0,0,No
Southampton,Male,23.0,Third Class,9.0,0,0,No
Queenstown,Female,,Third Class,8.0,0,0,No
Queenstown,Female,,Third Class,8.0,0,0,Yes
Queenstown,Female,,Third Class,8.0,0,0,Yes
Southampton,Female,22.0,Third Class,8.0,0,0,Yes
Queenstown,Male,,Third Class,8.0,0,0,Yes
Queenstown,Female,,Third Class,8.0,0,0,Yes
Southampton,Male,9.0,Third Class,3.0,0,1,Yes
Southampton,Male,28.0,Third Class,23.0,0,0,No
Southampton,Male,42.0,Third Class,8.0,0,1,No
Southampton,Male,,Third Class,7.0,0,0,No
Southampton,Female,31.0,Third Class,8.0,0,0,No
Southampton,Male,28.0,Third Class,8.0,0,0,No
Southampton,Male,32.0,Third Class,8.0,0,0,Yes
Southampton,Male,20.0,Third Class,9.0,0,0,No
Southampton,Female,23.0,Third Class,9.0,0,0,No
Southampton,Female,20.0,Third Class,9.0,0,0,No
Southampton,Male,20.0,Third Class,9.0,0,0,No
Southampton,Male,16.0,Third Class,9.0,0,0,No
Southampton,Female,31.0,Third Class,9.0,0,0,Yes
Queenstown,Female,,Third Class,8.0,0,0,No
Southampton,Male,2.0,Third Class,21.0,3,1,No
Southampton,Male,6.0,Third Class,21.0,3,1,No
Southampton,Female,3.0,Third Class,21.0,3,1,No
Southampton,Female,8.0,Third Class,21.0,3,1,No
Southampton,Female,29.0,Third Class,21.0,0,4,No
Southampton,Male,1.0,Third Class,40.0,4,1,No
Southampton,Male,7.0,Third Class,40.0,4,1,No
Southampton,Male,2.0,Third Class,40.0,4,1,No
Southampton,Male,16.0,Third Class,40.0,4,1,No
Southampton,Male,14.0,Third Class,40.0,4,1,No
Southampton,Female,41.0,Third Class,40.0,0,5,No
Southampton,Male,21.0,Third Class,9.0,0,0,No
Southampton,Male,19.0,Third Class,14.0,0,0,No
Cherbourg,Male,,Third Class,9.0,0,0,No
Southampton,Male,32.0,Third Class,8.0,0,0,No
Southampton,Male,1.0,Third Class,14.0,1,1,No
Southampton,Female,3.0,Third Class,14.0,1,1,No
Southampton,Female,26.0,Third Class,14.0,0,2,No
Southampton,Male,,Third Class,7.0,0,0,No
Southampton,Male,,Third Class,8.0,0,0,No
Southampton,Male,,Third Class,8.0,0,0,No
Southampton,Male,21.0,Third Class,8.0,0,0,No
Southampton,Male,25.0,Third Class,8.0,0,0,No
Southampton,Male,22.0,Third Class,7.0,0,0,No
Southampton,Male,25.0,Third Class,8.0,1,0,Yes
Cherbourg,Male,,Third Class,22.0,1,1,Yes
Cherbourg,Female,,Third Class,22.0,1,1,Yes
Cherbourg,Female,,Third Class,22.0,0,2,Yes
Queenstown,Female,,Third Class,8.0,0,0,No
Southampton,Male,24.0,Third Class,8.0,0,0,No
Southampton,Female,28.0,Third Class,8.0,0,0,No
Southampton,Male,19.0,Third Class,8.0,0,0,No
Southampton,Male,,Third Class,8.0,0,0,No
Southampton,Male,25.0,Third Class,8.0,1,0,No
Southampton,Female,18.0,Third Class,8.0,0,0,No
Southampton,Male,32.0,Third Class,8.0,0,0,Yes
Southampton,Male,,Third Class,8.0,0,0,No
Southampton,Male,17.0,Third Class,9.0,0,0,No
Southampton,Male,24.0,Third Class,9.0,0,0,No
Southampton,Male,,Third Class,8.0,0,0,No
Southampton,Female,,Third Class,8.0,0,0,No
Cherbourg,Male,,Third Class,7.0,0,0,No
Southampton,Male,,Third Class,7.0,0,0,No
Southampton,Male,38.0,Third Class,8.0,0,0,No
Southampton,Male,21.0,Third Class,8.0,0,0,No
Queenstown,Male,10.0,Third Class,29.0,4,1,No
Queenstown,Male,4.0,Third Class,29.0,4,1,No
Queenstown,Male,7.0,Third Class,29.0,4,1,No
Queenstown,Male,2.0,Third Class,29.0,4,1,No
Queenstown,Male,8.0,Third Class,29.0,4,1,No
Queenstown,Female,39.0,Third Class,29.0,0,5,No
Southampton,Female,22.0,Third Class,40.0,0,0,No
Southampton,Male,35.0,Third Class,7.0,0,0,No
Queenstown,Female,,Third Class,8.0,0,0,Yes
Southampton,Male,,Third Class,14.0,0,0,No
Southampton,Female,,Third Class,14.0,0,0,No
Southampton,Male,50.0,Third Class,14.0,1,0,No
Southampton,Female,47.0,Third Class,14.0,1,0,No
Southampton,Male,,Third Class,8.0,0,0,No
Southampton,Male,,Third Class,8.0,0,0,No
Southampton,Female,2.0,Third Class,20.0,1,1,No
Southampton,Male,18.0,Third Class,20.0,1,1,No
Southampton,Female,41.0,Third Class,20.0,0,2,No
Southampton,Female,,Third Class,8.0,0,0,Yes
Southampton,Male,50.0,Third Class,8.0,0,0,No
Southampton,Male,16.0,Third Class,8.0,0,0,No
Queenstown,Male,,Third Class,8.0,0,0,Yes
Queenstown,Male,,Third Class,24.0,0,0,No
Cherbourg,Male,,Third Class,7.0,0,0,No
Cherbourg,Male,25.0,Third Class,7.0,0,0,No
Cherbourg,Male,,Third Class,7.0,0,0,No
Queenstown,Male,,Third Class,8.0,0,0,No
Southampton,Male,,Third Class,8.0,0,0,No
Southampton,Male,38.0,Third Class,7.0,0,0,No
Southampton,Male,,Third Class,70.0,8,2,No
Southampton,Male,14.0,Third Class,70.0,8,2,No
Southampton,Female,,Third Class,70.0,8,2,No
Southampton,Female,,Third Class,70.0,8,2,No
Southampton,Female,,Third Class,70.0,8,2,No
Southampton,Female,,Third Class,70.0,8,2,No
Southampton,Male,,Third Class,70.0,8,2,No
Southampton,Male,,Third Class,70.0,8,2,No
Southampton,Male,,Third Class,70.0,8,2,No
Southampton,Male,,Third Class,70.0,1,9,No
Southampton,Female,,Third Class,70.0,1,9,No
Southampton,Male,24.0,Third Class,9.0,0,0,No
Southampton,Female,21.0,Third Class,8.0,0,0,Yes
Southampton,Male,39.0,Third Class,8.0,0,0,No
Cherbourg,Male,,Third Class,22.0,2,0,No
Cherbourg,Male,,Third Class,22.0,2,0,No
Cherbourg,Male,,Third Class,22.0,2,0,No
Southampton,Female,1.0,Third Class,17.0,1,1,Yes
Southampton,Female,24.0,Third Class,17.0,0,2,Yes
Southampton,Female,4.0,Third Class,17.0,1,1,Yes
Southampton,Male,25.0,Third Class,10.0,0,0,Yes
Southampton,Male,20.0,Third Class,8.0,0,0,No
Southampton,Male,24.0,Third Class,8.0,0,0,No
Queenstown,Male,,Third Class,8.0,0,0,No
Southampton,Male,,Third Class,8.0,0,0,No
Queenstown,Male,,Third Class,8.0,0,0,No
Southampton,Male,29.0,Third Class,10.0,0,0,Yes
Southampton,Male,,Third Class,15.0,0,0,No
Queenstown,Female,,Third Class,8.0,0,0,Yes
Southampton,Male,,Third Class,8.0,0,0,No
Southampton,Male,,Third Class,8.0,0,0,No
Cherbourg,Male,22.0,Third Class,7.0,0,0,No
Southampton,Male,,Third Class,8.0,0,0,No
Southampton,Male,40.0,Third Class,8.0,0,0,No
Southampton,Male,21.0,Third Class,8.0,0,0,No
Southampton,Female,18.0,Third Class,7.0,0,0,Yes
Southampton,Male,4.0,Third Class,28.0,3,2,No
Southampton,Male,10.0,Third Class,28.0,3,2,No
Southampton,Female,9.0,Third Class,28.0,3,2,No
Southampton,Female,2.0,Third Class,28.0,3,2,No
Southampton,Male,40.0,Third Class,28.0,1,4,No
Southampton,Female,45.0,Third Class,28.0,1,4,No
Southampton,Male,,Third Class,8.0,0,0,No
Southampton,Male,,Third Class,8.0,0,0,No
Southampton,Male,,Third Class,9.0,0,0,No
Queenstown,Male,,Third Class,8.0,0,0,No
Queenstown,Female,,Third Class,8.0,0,0,Yes
Southampton,Male,19.0,Third Class,8.0,0,0,No
Southampton,Male,30.0,Third Class,8.0,0,0,No
Southampton,Male,,Third Class,8.0,0,0,No
Southampton,Male,32.0,Third Class,8.0,0,0,No
Southampton,Male,,Third Class,8.0,0,0,No
Cherbourg,Male,33.0,Third Class,9.0,0,0,No
Southampton,Female,23.0,Third Class,8.0,0,0,Yes
Southampton,Male,21.0,Third Class,8.0,0,0,No
Southampton,Male,60.0,Third Class,,0,0,No
Southampton,Male,19.0,Third Class,8.0,0,0,No
Southampton,Female,22.0,Third Class,10.0,0,0,No
Southampton,Male,31.0,Third Class,8.0,0,0,Yes
Southampton,Male,27.0,Third Class,9.0,0,0,No
Southampton,Female,2.0,Third Class,10.0,0,1,No
Southampton,Female,29.0,Third Class,10.0,1,1,No
Southampton,Male,16.0,Third Class,8.0,0,0,Yes
Southampton,Male,44.0,Third Class,8.0,0,0,Yes
Southampton,Male,25.0,Third Class,7.0,0,0,No
Southampton,Male,74.0,Third Class,8.0,0,0,No
Southampton,Male,14.0,Third Class,9.0,0,0,Yes
Southampton,Male,24.0,Third Class,8.0,0,0,No
Southampton,Male,25.0,Third Class,8.0,0,0,Yes
Southampton,Male,34.0,Third Class,8.0,0,0,No
Cherbourg,Male,0.0,Third Class,9.0,0,1,Yes
Cherbourg,Male,,Third Class,6.0,1,0,No
Cherbourg,Male,,Third Class,6.0,0,0,No
Cherbourg,Male,,Third Class,7.0,0,0,No
Cherbourg,Female,16.0,Third Class,9.0,1,1,Yes
Southampton,Male,,Third Class,8.0,0,0,No
Southampton,Male,,Third Class,16.0,1,0,No
Southampton,Female,,Third Class,16.0,1,0,Yes
Southampton,Male,32.0,Third Class,8.0,0,0,No
Queenstown,Male,,Third Class,8.0,0,0,No
Southampton,Male,,Third Class,8.0,0,0,No
Southampton,Male,30.0,Third Class,8.0,0,0,No
Southampton,Male,44.0,Third Class,8.0,0,0,No
Cherbourg,Male,,Third Class,7.0,0,0,No
Southampton,Male,25.0,Third Class,0.0,0,0,Yes
Cherbourg,Male,,Third Class,7.0,0,0,No
Cherbourg,Male,7.0,Third Class,15.0,1,1,Yes
Cherbourg,Female,9.0,Third Class,15.0,1,1,Yes
Cherbourg,Female,29.0,Third Class,15.0,0,2,Yes
Southampton,Male,36.0,Third Class,8.0,0,0,No
Southampton,Female,18.0,Third Class,10.0,0,0,Yes
Southampton,Female,63.0,Third Class,10.0,0,0,Yes
Southampton,Male,,Third Class,14.0,1,1,No
Southampton,Male,12.0,Third Class,14.0,1,1,No
Southampton,Male,40.0,Third Class,14.0,0,2,No
Southampton,Female,10.0,Third Class,24.0,0,2,No
Southampton,Male,36.0,Third Class,24.0,1,1,No
Southampton,Female,30.0,Third Class,24.0,1,1,No
Southampton,Male,,Third Class,10.0,0,0,No
Southampton,Male,33.0,Third Class,10.0,0,0,No
Southampton,Male,28.0,Third Class,10.0,0,0,No
Southampton,Male,28.0,Third Class,10.0,0,0,No
Southampton,Male,47.0,Third Class,9.0,0,0,No
Southampton,Female,18.0,Third Class,18.0,2,0,No
Southampton,Male,31.0,Third Class,18.0,3,0,No
Southampton,Male,16.0,Third Class,18.0,2,0,No
Southampton,Female,31.0,Third Class,18.0,1,0,No
Cherbourg,Male,22.0,Third Class,7.0,0,0,Yes
Southampton,Male,20.0,Third Class,8.0,0,0,No
Southampton,Female,14.0,Third Class,8.0,0,0,No
Southampton,Male,22.0,Third Class,8.0,0,0,No
Southampton,Male,22.0,Third Class,9.0,0,0,No
Southampton,Male,,Third Class,8.0,0,0,No
Southampton,Male,,Third Class,8.0,0,0,No
Southampton,Male,,Third Class,8.0,0,0,No
Southampton,Male,32.0,Third Class,10.0,0,0,No
Cherbourg,Female,38.0,Third Class,7.0,0,0,Yes
Southampton,Male,51.0,Third Class,8.0,0,0,No
Southampton,Male,18.0,Third Class,6.0,1,0,No
Southampton,Male,21.0,Third Class,6.0,1,0,No
Southampton,Female,47.0,Third Class,7.0,1,0,Yes
Southampton,Male,,Third Class,9.0,0,0,No
Southampton,Male,,Third Class,8.0,0,0,No
Southampton,Male,,Third Class,8.0,0,0,No
Southampton,Male,28.0,Third Class,16.0,0,0,No
Southampton,Male,21.0,Third Class,7.0,0,0,No
Southampton,Male,27.0,Third Class,9.0,0,0,No
Southampton,Male,,Third Class,7.0,0,0,No
Southampton,Male,36.0,Third Class,10.0,0,0,No
Cherbourg,Male,27.0,Third Class,14.0,1,0,No
Cherbourg,Female,15.0,Third Class,14.0,1,0,Yes
Cherbourg,Male,46.0,Third Class,7.0,0,0,No
Cherbourg,Male,,Third Class,7.0,0,0,No
Cherbourg,Male,,Third Class,14.0,0,0,No
Cherbourg,Female,14.0,Third Class,14.0,1,0,No
Cherbourg,Female,,Third Class,14.0,1,0,No
Cherbourg,Male,26.0,Third Class,7.0,0,0,No
Cherbourg,Male,27.0,Third Class,7.0,0,0,No
Southampton,Male,29.0,Third Class,8.0,0,0,No
